Metric,Value
RMSE,2.1182463415828554
MAE,1.4943220615386963
Precision@5,0.864516129032258
Recall@5,0.6936952132810433
Precision@10,0.8710144927536232
Recall@10,0.759526171366515
